logo_url;
https://i.ibb.co/Y3k00Nc/Elite-femenina.png;
https://i.ibb.co/PMjtvNW/Elite-masculina.png;
https://i.ibb.co/jGsSjGq/Oro-femenina.png;
https://i.ibb.co/MZwLq8y/Oro-masculina.png;
https://i.ibb.co/0BY4M8M/Rest.png;
https://i.ibb.co/KshTXt8/Alasde-Sagunto.png;
https://i.ibb.co/vV8fdsm/Aranda.png;
https://i.ibb.co/zGxsgRp/Arroyo.png;
https://i.ibb.co/0mBVz17/Cartagena.png;
https://i.ibb.co/Cpy6s8L/Castellbisbal.png;
https://i.ibb.co/mvg9fxv/Castellon.png;
https://i.ibb.co/yFnRss6/Cplv.png;
https://i.ibb.co/Yb2L84K/Elche.png;
https://i.ibb.co/x6WRCLj/Espanya.png;
https://i.ibb.co/Sd2vc4z/Fenix.png;
https://i.ibb.co/Wv7PRZG/Fuengirola.gif;
https://i.ibb.co/q9t7bMr/Gadex.png;
https://i.ibb.co/bJ3Dvbp/Gatas.png;
https://i.ibb.co/4s0sDJw/Guanches.png;
https://i.ibb.co/k1zDmZM/Halcones.png;
https://i.ibb.co/WcSC4RS/Igualada.png;
https://i.ibb.co/hsvpZmV/Iscar.png;
https://i.ibb.co/3hccCG8/Jujol.png;
https://i.ibb.co/3CCPDY6/Lostregos.png;
https://i.ibb.co/1L05mqd/Meigas.png;
https://i.ibb.co/h1gGsHk/Metro.png;
https://i.ibb.co/HrKswJ1/Mislata.png;
https://i.ibb.co/k8bNnVN/Molina.png;
https://i.ibb.co/br9J2KQ/Orcas.png;
https://i.ibb.co/tC2dgDw/Pumas.png;
https://i.ibb.co/TWz1C2r/Renos.png;
https://i.ibb.co/XzGXn2s/Roller-Murcia.png;
https://i.ibb.co/HPxDV6Q/Rozas.png;
https://i.ibb.co/ySh6GgH/Rubi.png;
https://i.ibb.co/gTCxCTq/Skulls.png;
https://i.ibb.co/3Trx01D/Tres-Cantos.png;
https://i.ibb.co/ckh4SJ2/Troyanos.png;
https://i.ibb.co/XS1GSvM/Tsunamis.png;
https://i.ibb.co/kg8yzwG/Tucans.png;
https://i.ibb.co/wdjcGCp/Uroloki.png;
https://i.ibb.co/Y0VCTxp/VilaReal.png;